Model,MAE,RMSE
RandomForest,127.32950100283209,890.0696357845694
GradientBoosting,215.61455262861722,1191.2070621189757
Linear,578.8690031769416,2294.3329373498154
